Well	ID	Arabinose concentration	Replicate	Expected DMS value
B2	WT	0,01	1	1
B3	Q67C	0,01	1	0
B4	F24V	0,01	1	0,87
B5	K33E	0,01	1	0,23
B6	I68M	0,01	1	0,71
B7	K33L	0,01	1	0,02
B8	K33M	0,01	1	-0,13
B9	P19I	0,01	1	-0,46
B10	E75R	0,01	1	-0,45
B11	Blank	0,01	1	
C2	WT	0,01	2	1
C3	Q67C	0,01	2	0
C4	F24V	0,01	2	0,87
C5	K33E	0,01	2	0,23
C6	I68M	0,01	2	0,71
C7	K33L	0,01	2	0,02
C8	K33M	0,01	2	-0,13
C9	P19I	0,01	2	-0,46
C10	E75R	0,01	2	-0,45
C11	Blank	0,01	2	
D2	WT	0,01	3	1
D3	Q67C	0,01	3	0
D4	F24V	0,01	3	0,87
D5	K33E	0,01	3	0,23
D6	I68M	0,01	3	0,71
D7	K33L	0,01	3	0,02
D8	K33M	0,01	3	-0,13
D9	P19I	0,01	3	-0,46
D10	E75R	0,01	3	-0,45
D11	Blank	0,01	3	
E2	WT	0,2	1	1
E3	Q67C	0,2	1	0
E4	F24V	0,2	1	0,23
E5	K33E	0,2	1	-0,04
E6	I68M	0,2	1	0,45
E7	K33L	0,2	1	0,88
E8	K33M	0,2	1	0,84
E9	P19I	0,2	1	1,02
E10	E75R	0,2	1	0,99
E11	Blank	0,2	1	
F2	WT	0,2	2	1
F3	Q67C	0,2	2	0
F4	F24V	0,2	2	0,23
F5	K33E	0,2	2	-0,04
F6	I68M	0,2	2	0,45
F7	K33L	0,2	2	0,88
F8	K33M	0,2	2	0,84
F9	P19I	0,2	2	1,02
F10	E75R	0,2	2	0,99
F11	Blank	0,2	2	
G2	WT	0,2	3	1
G3	Q67C	0,2	3	0
G4	F24V	0,2	3	0,23
G5	K33E	0,2	3	-0,04
G6	I68M	0,2	3	0,45
G7	K33L	0,2	3	0,88
G8	K33M	0,2	3	0,84
G9	P19I	0,2	3	1,02
G10	E75R	0,2	3	0,99
G11	Blank	0,2	3	
